BERNARDI; Giovanni; gio@irif.fr; 157279338
BELMELLAT; Sami; belmellatsamy@gmail.com; 769762569
GONCALVES; Théo; theoyanngoncalves@gmail.com; 782205684
AKYAR; Emir; akyr.emir@gmail.com; 767783674
MAC; Sabrina; macsabrina.0708@gmail.com; 22101655
DRICHE; Ismaël; driche.ismael@gmail.com; 664156754
TANG; Thanh Long; thanhlongtng.6821@gmail.com; 0762660823
MOOTOOVEEREN; Jeremy;jeremymootooveeren@gmail.com;0783866632
BETRIOU; Vincent; vin.betriou@gmail.com;0658591011
